{
  "train_losses": [
    0.5397312564923026,
    0.3634945510903283,
    0.2945636605362758,
    0.25265735519282956,
    0.21250660810857783,
    0.15461983447394256,
    0.13169363112953467,
    0.11178692352369694,
    0.09352044859315123,
    0.08002312802006979
  ],
  "test_accs": [
    79.968,
    84.592,
    85.724,
    85.988,
    86.108,
    85.944,
    85.768,
    85.52,
    85.364,
    85.088
  ]
}